{
    "BGE-Base-Final": {
        "raw_matrix": [
            [
                0.0,
                0.3433382088567938,
                0.48443173647283344,
                0.5144121134170142,
                0.2999151151348354,
                0.4111933540274036
            ],
            [
                0.3433382088567938,
                0.0,
                0.445098793994499,
                0.5011797794346022,
                0.32437747291385893,
                0.39257807342504203
            ],
            [
                0.48443173647283344,
                0.445098793994499,
                0.0,
                0.28186937732680756,
                0.40390949191545705,
                0.2815861488126872
            ],
            [
                0.5144121134170142,
                0.5011797794346022,
                0.28186937732680756,
                0.0,
                0.443680639998817,
                0.395152938626849
            ],
            [
                0.2999151151348354,
                0.32437747291385893,
                0.40390949191545705,
                0.443680639998817,
                0.0,
                0.40019655625862516
            ],
            [
                0.4111933540274036,
                0.39257807342504203,
                0.2815861488126872,
                0.395152938626849,
                0.40019655625862516,
                0.0
            ]
        ],
        "norm_matrix": [
            [
                0.0,
                0.8695159323812177,
                1.226840188910985,
                1.302766534244233,
                0.7595454401652636,
                1.0413614430115101
            ],
            [
                0.8695159323812177,
                0.0,
                1.1272281467027412,
                1.2692551890939014,
                0.8214972104133064,
                0.9942175986855448
            ],
            [
                1.226840188910985,
                1.1272281467027412,
                0.0,
                0.71384398273674,
                1.0229148093650722,
                0.7131266966928933
            ],
            [
                1.302766534244233,
                1.2692551890939014,
                0.71384398273674,
                0.0,
                1.1236366224796686,
                1.0007385341915578
            ],
            [
                0.7595454401652636,
                0.8214972104133064,
                1.0229148093650722,
                1.1236366224796686,
                0.0,
                1.0135116709253646
            ],
            [
                1.0413614430115101,
                0.9942175986855448,
                0.7131266966928933,
                1.0007385341915578,
                1.0135116709253646,
                0.0
            ]
        ],
        "labels": [
            "anger",
            "fear",
            "happiness",
            "love",
            "sadness",
            "surprise"
        ]
    },
    "MPNet-Base-Final": {
        "raw_matrix": [
            [
                0.0,
                0.46007686093195505,
                0.5138407437343923,
                0.5853464244312275,
                0.35309330996663046,
                0.3968183691862284
            ],
            [
                0.46007686093195505,
                0.0,
                0.5370743983203755,
                0.6214372810087629,
                0.4417577892709483,
                0.47131860922444213
            ],
            [
                0.5138407437343923,
                0.5370743983203755,
                0.0,
                0.3687344018294714,
                0.43507318416461216,
                0.34944959400893033
            ],
            [
                0.5853464244312275,
                0.6214372810087629,
                0.3687344018294714,
                0.0,
                0.5039241269977164,
                0.5033323492961435
            ],
            [
                0.35309330996663046,
                0.4417577892709483,
                0.43507318416461216,
                0.5039241269977164,
                0.0,
                0.4259125895699534
            ],
            [
                0.3968183691862284,
                0.47131860922444213,
                0.34944959400893033,
                0.5033323492961435,
                0.4259125895699534,
                0.0
            ]
        ],
        "norm_matrix": [
            [
                0.0,
                0.9905216999020106,
                1.106272560484149,
                1.260220594847379,
                0.7601916447258614,
                0.8543294370477358
            ],
            [
                0.9905216999020106,
                0.0,
                1.1562934178444324,
                1.337922343497997,
                0.9510816855410822,
                1.0147246028821535
            ],
            [
                1.106272560484149,
                1.1562934178444324,
                0.0,
                0.7938661070079281,
                0.936690076278905,
                0.7523469126150784
            ],
            [
                1.260220594847379,
                1.337922343497997,
                0.7938661070079281,
                0.0,
                1.08492259724672,
                1.0836485304446237
            ],
            [
                0.7601916447258614,
                0.9510816855410822,
                0.936690076278905,
                1.08492259724672,
                0.0,
                0.9169677896339425
            ],
            [
                0.8543294370477358,
                1.0147246028821535,
                0.7523469126150784,
                1.0836485304446237,
                0.9169677896339425,
                0.0
            ]
        ],
        "labels": [
            "anger",
            "fear",
            "happiness",
            "love",
            "sadness",
            "surprise"
        ]
    },
    "BGE-FT-Final": {
        "raw_matrix": [
            [
                0.0,
                1.280819248857128,
                1.3160742642087568,
                1.339426240826409,
                1.1814564506261207,
                1.2811135411569092
            ],
            [
                1.280819248857128,
                0.0,
                1.3967887572059596,
                1.278579775872351,
                1.270695863915067,
                1.2818807289565335
            ],
            [
                1.3160742642087568,
                1.3967887572059596,
                0.0,
                1.3732628627273544,
                1.347391554296853,
                1.282996013495712
            ],
            [
                1.339426240826409,
                1.278579775872351,
                1.3732628627273544,
                0.0,
                1.3418952510503341,
                1.4511423114399447
            ],
            [
                1.1814564506261207,
                1.270695863915067,
                1.347391554296853,
                1.3418952510503341,
                0.0,
                1.2860305433788104
            ],
            [
                1.2811135411569092,
                1.2818807289565335,
                1.282996013495712,
                1.4511423114399447,
                1.2860305433788104,
                0.0
            ]
        ],