{
  "counts_matrix": [
    [
      674,
      1,
      0,
      0,
      6,
      0
    ],
    [
      0,
      664,
      0,
      0,
      1,
      0
    ],
    [
      1,
      1,
      675,
      0,
      2,
      1
    ],
    [
      0,
      0,
      2,
      668,
      2,
      0
    ],
    [
      0,
      2,
      0,
      0,
      670,
      0
    ],
    [
      1,
      4,
      0,
      0,
      0,
      663
    ]
  ],
  "label_names": [
    "anger",
    "fear",
    "happiness",
    "love",
    "sadness",
    "surprise"
  ],
  "normalized_matrix": [
    [
      0.9897209985315712,
      0.0014684287812041115,
      0.0,
      0.0,
      0.00881057268722467,
      0.0
    ],
    [
      0.0,
      0.9984962406015038,
      0.0,
      0.0,
      0.0015037593984962407,
      0.0
    ],
    [
      0.0014705882352941176,
      0.0014705882352941176,
      0.9926470588235294,
      0.0,
      0.0029411764705882353,
      0.0014705882352941176
    ],
    [
      0.0,
      0.0,
      0.002976190476190476,
      0.9940476190476191,
      0.002976190476190476,
      0.0
    ],
    [
      0.0,
      0.002976190476190476,
      0.0,
      0.0,
      0.9970238095238095,
      0.0
    ],
    [
      0.0014970059880239522,
      0.005988023952095809,
      0.0,
      0.0,
      0.0,
      0.9925149700598802
    ]
  ],
  "notes": {
    "columns": "predicted class",
    "rows": "nearest centroid class"
  },
  "overall_match_rate": {
    "cosine": 0.9925705794947994,
    "euclidean": 0.9940564635958395
  },
  "per_class_match_rate": {
    "anger": 0.9985141158989599,
    "fear": 0.9895988112927192,
    "happiness": 0.9955423476968797,
    "love": 0.9970282317979198,
    "sadness": 0.9881129271916791,
    "surprise": 0.9955423476968797
  },
  "primary_metric": "euclidean",
  "secondary_counts_matrix": [
    [
      671,
      0,
      0,
      0,
      7,
      0
    ],
    [
      0,
      666,
      0,
      0,
      1,
      0
    ],
    [
      1,
      1,
      675,
      0,
      3,
      1
    ],
    [
      1,
      0,
      2,
      668,
      3,
      0
    ],
    [
      0,
      1,
      0,
      0,
      665,
      0
    ],
    [
      3,
      4,
      0,
      0,
      2,
      663
    ]
  ],
  "secondary_metric": "cosine",
  "secondary_normalized_matrix": [
    [
      0.9896755162241888,
      0.0,
      0.0,
      0.0,
      0.01032448377581121,
      0.0
    ],
    [
      0.0,
      0.9985007496251874,
      0.0,
      0.0,
      0.0014992503748125937,
      0.0
    ],
    [
      0.0014684287812041115,
      0.0014684287812041115,
      0.9911894273127754,
      0.0,
      0.004405286343612335,
      0.0014684287812041115
    ],
    [
      0.001483679525222552,
      0.0,
      0.002967359050445104,
      0.9910979228486647,
      0.004451038575667656,
      0.0
    ],
    [
      0.0,
      0.0015015015015015015,
      0.0,
      0.0,
      0.9984984984984985,
      0.0
    ],
    [
      0.004464285714285714,
      0.005952380952380952,
      0.0,
      0.0,
      0.002976190476190476,
      0.9866071428571429
    ]
  ],
  "secondary_per_class_match_rate": {
    "anger": 0.9940564635958395,
    "fear": 0.9910846953937593,
    "happiness": 0.9955423476968797,
    "love": 0.9970282317979198,
    "sadness": 0.9851411589895989,
    "surprise": 0.9925705794947994
  }
}
