{
    "brain_vector": [
        0.050663795105667875,
        0.45859825142115196,
        0.47572299640167337
    ],
    "models": {
        "MPNet-Balanced": {
            "pearson_r": -0.9917514651671622,
            "spearman_rho": -0.5,
            "geometric_error": 0.7219225200606156,
            "vector": [
                0.5266013641741067,
                0.3412979314926977,
                0.36022268239967103
            ]
        },
        "Qwen-768": {
            "pearson_r": -0.7539228418091135,
            "spearman_rho": -0.5,
            "geometric_error": 0.6714960650957108,
            "vector": [
                1.5352057734133422,
                0.9700326117904641,
                1.3303982276361777
            ]
        }
    },
    "bootstrap_qwen_ci": [
        -0.9898987491097322,
        -0.11781123924358716
    ]
}