{
    "MPNet-Balanced": {
        "cosine": {
            "sadness": {
                "sadness": 0.0,
                "happiness": 0.36022268239967103,
                "love": 0.46140182261164175,
                "anger": 0.26403511859825324,
                "fear": 0.3412979314926977,
                "surprise": 0.42556047237420214
            },
            "happiness": {
                "sadness": 0.36022268239967103,
                "happiness": 0.0,
                "love": 0.25705908411801304,
                "anger": 0.5483463854366009,
                "fear": 0.5266013641741067,
                "surprise": 0.2729185183880184
            },
            "love": {
                "sadness": 0.46140182261164175,
                "happiness": 0.25705908411801304,
                "love": 0.0,
                "anger": 0.6486492869799431,
                "fear": 0.6537626402386988,
                "surprise": 0.4954261306809863
            },
            "anger": {
                "sadness": 0.26403511859825324,
                "happiness": 0.5483463854366009,
                "love": 0.6486492869799431,
                "anger": 0.0,
                "fear": 0.40465958367095356,
                "surprise": 0.418883316103117
            },
            "fear": {
                "sadness": 0.3412979314926977,
                "happiness": 0.5266013641741067,
                "love": 0.6537626402386988,
                "anger": 0.40465958367095356,
                "fear": 0.0,
                "surprise": 0.4821405557563756
            },
            "surprise": {
                "sadness": 0.42556047237420214,
                "happiness": 0.2729185183880184,
                "love": 0.4954261306809863,
                "anger": 0.418883316103117,
                "fear": 0.4821405557563756,
                "surprise": 0.0
            }
        },
        "euclidean": {
            "sadness": {
                "sadness": 0.0,
                "happiness": 0.5010882901452023,
                "love": 0.5702669876673725,
                "anger": 0.40709294162747034,
                "fear": 0.4802966921317899,
                "surprise": 0.5029171246898289
            },
            "happiness": {
                "sadness": 0.5010882901452023,
                "happiness": 0.0,
                "love": 0.4242876049458283,
                "anger": 0.5773511883157748,
                "fear": 0.5942457114449208,
                "surprise": 0.40657690211348785
            },
            "love": {
                "sadness": 0.5702669876673725,
                "happiness": 0.4242876049458283,
                "love": 0.0,
                "anger": 0.6312867485632163,
                "fear": 0.6659666067347632,
                "surprise": 0.5422547805612197
            },
            "anger": {
                "sadness": 0.40709294162747034,
                "happiness": 0.5773511883157748,
                "love": 0.6312867485632163,
                "anger": 0.0,
                "fear": 0.4869821723416983,
                "surprise": 0.4494056451765349
            },
            "fear": {
                "sadness": 0.4802966921317899,
                "happiness": 0.5942457114449208,
                "love": 0.6659666067347632,
                "anger": 0.4869821723416983,
                "fear": 0.0,
                "surprise": 0.5188804251238249
            },
            "surprise": {
                "sadness": 0.5029171246898289,
                "happiness": 0.40657690211348785,
                "love": 0.5422547805612197,
                "anger": 0.4494056451765349,
                "fear": 0.5188804251238249,
                "surprise": 0.0
            }
        }
    },
    "Qwen-768": {
        "cosine": {
            "sadness": {
                "sadness": 0.0,
                "happiness": 1.3303982276361777,
                "love": 1.288702685665824,
                "anger": 0.8180618043592377,
                "fear": 0.9700326117904641,
                "surprise": 1.4306917280453406
            },
            "happiness": {
                "sadness": 1.3303982276361777,
                "happiness": 0.0,
                "love": 0.8186503958339546,
                "anger": 1.4874891936570338,
                "fear": 1.5352057734133422,
                "surprise": 0.9732103649099
            },
            "love": {
                "sadness": 1.288702685665824,
                "happiness": 0.8186503958339546,
                "love": 0.0,
                "anger": 1.4751803018388412,
                "fear": 1.4515865547366558,
                "surprise": 1.0667901153157824
            },
            "anger": {
                "sadness": 0.8180618043592377,
                "happiness": 1.4874891936570338,
                "love": 1.4751803018388412,
                "anger": 0.0,
                "fear": 0.8168089473403253,
                "surprise": 1.296926502900839
            },
            "fear": {
                "sadness": 0.9700326117904641,
                "happiness": 1.5352057734133422,
                "love": 1.4515865547366558,
                "anger": 0.8168089473403253,
                "fear": 0.0,
                "surprise": 1.2163519253909765
            },
            "surprise": {
                "sadness": 1.4306917280453406,
                "happiness": 0.9732103649099,
                "love": 1.0667901153157824,
                "anger": 1.296926502900839,
                "fear": 1.2163519253909765,
                "surprise": 0.0
            }
        },
        "euclidean": {
            "sadness": {
                "sadness": 0.0,
                "happiness": 1.4688791560340981,
                "love": 1.4359877308042754,
                "anger": 1.0978687832852998,
                "fear": 1.2052557499079912,
                "surprise": 1.4488221532752432
            },
            "happiness": {
                "sadness": 1.4688791560340981,
                "happiness": 0.0,
                "love": 1.203335136925759,
                "anger": 1.5610585512119872,
                "fear": 1.5978265157943325,
                "surprise": 1.2612642542674959
            },
            "love": {
                "sadness": 1.4359877308042754,
                "happiness": 1.203335136925759,
                "love": 0.0,
                "anger": 1.5442508734047906,
                "fear": 1.5435356773903184,
                "surprise": 1.3112290080120994
            },
            "anger": {
                "sadness": 1.0978687832852998,
                "happiness": 1.5610585512119872,
                "love": 1.5442508734047906,
                "anger": 0.0,
                "fear": 1.1121067293057443,
                "surprise": 1.3872242064510425
            },
            "fear": {
                "sadness": 1.2052557499079912,
                "happiness": 1.5978265157943325,
                "love": 1.5435356773903184,
                "anger": 1.1121067293057443,
                "fear": 0.0,
                "surprise": 1.354302926187505
            },
            "surprise": {
                "sadness": 1.4488221532752432,
                "happiness": 1.2612642542674959,
                "love": 1.3112290080120994,
                "anger": 1.3872242064510425,
                "fear": 1.354302926187505,
                "surprise": 0.0
            }
        }
    },
    "Brain-fMRI": {
        "cosine": {
            "afraid": {
                "afraid": 0.0,
                "calm": 1.136777631589509,
                "delighted": 1.300419088759907,
                "depressed": 1.5674595574322612,
                "excited": 0.8178959382992708
            },
            "calm": {
                "afraid": 1.136777631589509,
                "calm": 0.0,
                "delighted": 1.5079723985015963,
                "depressed": 0.7200807237324833,
                "excited": 1.597073094883683
            },