{
    "noise_ceiling": {
        "upper": 0.48393654336569386,
        "lower": 0.45945599256937586
    },
    "bootstrap_ci_95": [
        -0.9966975375479696,
        0.6993674808958487
    ],
    "manhattan_correlation": -0.547575590322317,
    "observed_pearson_r": -0.8755583012501527
}